{"IcoMoonType":"selection","icons":[{"icon":{"paths":["M408.32 500.48l-40.32 107.52-40.32-107.52-71.68-20.48 71.68-20.48 40.32-107.52 40.32 107.52 71.68 20.48-71.68 20.48zM726.857 295.619l-38.857-103.619-38.857 103.619-73.143 24.381 73.143 24.381 38.857 103.619 38.857-103.619 73.143-24.381-73.143-24.381zM662.857 679.619l-38.857-103.619-38.857 103.619-73.143 24.381 73.143 24.381 38.857 103.619 38.857-103.619 73.143-24.381-73.143-24.381zM430.703 431.568l-62.703-175.568-62.703 175.568-145.297 48.432 145.297 48.432 62.703 175.568 62.703-175.568 145.297-48.432-145.297-48.432z"],"attrs":[{}],"isMulticolor":false,"isMulticolor2":false,"tags":["stars"],"grid":32},"attrs":[{}],"properties":{"order":2,"id":0,"prevSize":32,"code":59649,"name":"stars1"},"setIdx":0,"setId":3,"iconIdx":1},{"icon":{"paths":["M731.429 799.429c0 83.429-54.857 151.429-121.714 151.429h-488c-66.857 0-121.714-68-121.714-151.429 0-150.286 37.143-324 186.857-324 46.286 45.143 109.143 73.143 178.857 73.143s132.571-28 178.857-73.143c149.714 0 186.857 173.714 186.857 324zM585.143 292.571c0 121.143-98.286 219.429-219.429 219.429s-219.429-98.286-219.429-219.429 98.286-219.429 219.429-219.429 219.429 98.286 219.429 219.429z"],"width":731.4285714285713,"attrs":[],"isMulticolor":false,"isMulticolor2":false,"tags":["user"],"defaultCode":61447,"grid":14},"attrs":[],"properties":{"name":"user","id":11,"order":6,"prevSize":28,"code":61447},"setIdx":1,"setId":2,"iconIdx":11},{"icon":{"paths":["M182.857 438.857h292.571v-109.714c0-80.571-65.714-146.286-146.286-146.286s-146.286 65.714-146.286 146.286v109.714zM658.286 493.714v329.143c0 30.286-24.571 54.857-54.857 54.857h-548.571c-30.286 0-54.857-24.571-54.857-54.857v-329.143c0-30.286 24.571-54.857 54.857-54.857h18.286v-109.714c0-140.571 115.429-256 256-256s256 115.429 256 256v109.714h18.286c30.286 0 54.857 24.571 54.857 54.857z"],"width":658.2857142857142,"attrs":[],"isMulticolor":false,"isMulticolor2":false,"tags":["lock"],"defaultCode":61475,"grid":14},"attrs":[],"properties":{"name":"lock","id":36,"order":7,"prevSize":28,"code":61475},"setIdx":1,"setId":2,"iconIdx":36}],"height":1024,"metadata":{"name":"icomoon"},"preferences":{"showGlyphs":true,"showQuickUse":true,"showQuickUse2":true,"showSVGs":true,"fontPref":{"prefix":"icon-","metadata":{"fontFamily":"icomoon"},"metrics":{"emSize":1024,"baseline":6.25,"whitespace":50},"embed":false},"imagePref":{"prefix":"icon-","png":true,"useClassSelector":true,"color":0,"bgColor":16777215,"classSelector":".icon"},"historySize":50,"showCodes":true,"gridSize":16}}